,tiker,slope,news
05-20-2020,PFE,-0.4100000000000037,"[['Covid-19 Vaccine Candidates', 'Contributors to Wikimedia projects', 'Wikipedia.org'], ['Coronavirus (Covid-19) Vaccine Latest Update: Oxford jab fails to stop infection in animal trials; Thailand enters race', 'Express Web Desk', 'Indianexpress.com'], ['Moderna Stock Volatile Amid Work on Coronavirus Vaccine', 'Valuewalk', 'Yahoo.com'], ['GSK ties up with gene editing start-up Mammoth for COVID-19 test', 'Manas Mishra', 'Reuters'], ['GSK ties up with gene editing start-up Mammoth for COVID-19 test', 'Manas Mishra', 'Yahoo.com'], ['Johnson & Johnson To Discontinue Talc-Based Baby Powder in US and Canada', 'support@smarteranalyst.com (Ben Mahaney)', 'Yahoo.com'], ['Prescription drug costs would have been a major campaign issue, so what will happen now that coronavirus is center stage?', 'The Conversation', 'Rawstory.com'], ['Thailand says it expects coronavirus vaccine next year after tests in mice', 'Reuters , Reuters , Anadolu Agency, Anadolu Agency, News Desk, Reuters , Reuters', 'Tribune.com.pk'], ['Thailand says it expects COVID-19 vaccine next year after tests in mice', 'CNA', 'Channelnewsasia.com'], ['GSK ties up with gene editing start-up Mammoth for COVID-19 test', 'CNA', 'Channelnewsasia.com'], ['Prescription drug costs would have been a major \n campaign issue, so what will happen now that coronavirus is center stage?', 'Simon F. Haeder, Assistant Professor of Public Policy, Pennsylvania State University', 'Theconversation.com'], ['Κορωνοϊός: Θετικά αποτελέσματα από πειραματικό εμβόλιο της Inovio σε πειραματόζωα', 'Πρώτο Θέμα', 'Protothema.gr'], ['Πειραματικό εμβόλιο για τον κορονοϊό ανέπτυξε αντισώματα σε πειραματόζωα', 'Σπυρος Πλουμιδης', 'Newsit.gr'], ['Thailand says it expects coronavirus vaccine next year', 'Reuters', 'Freemalaysiatoday.com'], ['Covid-19 news: UK aims to recruit 25,000 contact tracers by June', 'Sam Wong, Adam Vaughan, Conrad Quilty-Harper and Layal Liverpool', 'New Scientist'], ['Hospira Issues A Voluntary Nationwide Recall For One Lot Of Vancomycin Hydrochloride for Injection, USP Due To The Presence of Particulate Matter Within a Single Vial', 'FDA', 'Fda.gov'], ['ICU Medical Issues a Voluntary Nationwide Recall of One Lot of 0.9% Sodium Chloride Injection Due to the Presence of Particulate Matter', 'FDA', 'Fda.gov'], ['GSK ties up with gene editing start-up Mammoth for COVID-19 test', 'Manas Mishra', 'Reuters'], ['GSK ties up with gene editing start-up Mammoth for COVID-19 test', 'Manas Mishra', 'Thestar.com.my'], ['NCCN Foundation Awards Leading Young Investigators Advancing Cancer Research for Adults and Children', None, 'Prnewswire.com']]"
05-20-2020,INO,-0.9400000000000013,"[['Covid-19 Vaccine Candidates', 'Contributors to Wikimedia projects', 'Wikipedia.org'], ['Price Over Earnings Overview: Inovio Pharmaceuticals', 'Benzinga Insights', 'Yahoo.com'], ['Inovio says COVID-19 vaccine produces antibodies in mice, guinea pigs', 'Deena Beasley', 'Reuters'], ['Inovio says COVID-19 vaccine produces antibodies in mice, guinea pigs', 'Deena Beasley', 'Yahoo.com'], ['Provention Bio Announces Changes to its Board of Directors', 'PR Newswire', 'Yahoo.com'], [""INOVIO's COVID-19 DNA Vaccine INO-4800 Demonstrates Robust Neutralizing Antibody and T Cell Immune Responses in Preclinical Models"", 'PR Newswire', 'Yahoo.com'], ['Inovio says COVID-19 vaccine produces antibodies in mice, guinea pigs', 'Deena Beasley', 'Yahoo.com'], ['Wall Street set to rise sharply as investors hope for recovery', 'MacDailyNews', 'Macdailynews.com'], ['Vacuna contra Covid-19 produce anticuerpos en ratones y cobayas: Inovio', 'Redacción AN / SH', 'Aristeguinoticias.com'], ['Wall Street set to rise as investors hold out for recovery', 'CNA', 'Channelnewsasia.com'], ['Un vaccin experimental american împotriva Covid-19 produce anticorpi la şoareci', '', 'Adevarul.ro'], ['Κορωνοϊός: Θετικά αποτελέσματα από πειραματικό εμβόλιο της Inovio σε πειραματόζωα', 'Πρώτο Θέμα', 'Protothema.gr'], ['Vaccinul experimental împotriva COVID-19, produs de compania finanțată de Bill Gates, a dezvoltat anticorpi la şoareci', 'Digi24', 'Digi24.ro'], ['Πειραματικό εμβόλιο για τον κορονοϊό ανέπτυξε αντισώματα σε πειραματόζωα', 'Σπυρος Πλουμιδης', 'Newsit.gr'], ['US Pharma Firm Says Its COVID-19 Vaccine Produces Antibodies In Mice', None, 'Ndtv.com'], ['Inovio says COVID-19 vaccine produces antibodies in mice, guinea pigs', 'Deena Beasley', 'Reuters'], ['Inovio rallies on COVID-19 vaccine data', 'Douglas W. House', 'Seekingalpha.com'], ['Inovio says COVID-19 vaccine produces antibodies in mice, guinea pigs', 'Deena Beasley', 'Thestar.com.my'], ['Inovio says COVID-19 vaccine produces antibodies in mice, guinea pigs', 'Reuters', 'Business-standard.com'], ['Inovio says COVID-19 vaccine produces antibodies in mice, guinea pigs', None, 'Bdnews24.com']]"
05-20-2020,SNY,-0.22000000000000597,"[['Covid-19 Vaccine Candidates', 'Contributors to Wikimedia projects', 'Wikipedia.org'], ['Надолго ли хватит иммунитета к новому коронавирусу', 'Вера Мухина', 'Lifehacker.ru'], ['Sanofi Partner Takes On Vaccine Hurdle: Minus-112 Degree Storage', None, 'Bloomberg'], ['Better Buy: GlaxoSmithKline vs. Pfizer', 'newsfeedback@fool.com (Rachel Warren)', 'Fool.com'], ['Coronavirus (Covid-19) Vaccine Latest Update: Oxford jab fails to stop infection in animal trials; Thailand enters race', 'Express Web Desk', 'Indianexpress.com'], ['Rappuoli (Gsk) : ""Vaccino Covid, lavoriamo per arrivare a un miliardo di dosi in un anno""', 'repubblicawww@repubblica.it (Redazione Repubblica.it)', 'La Repubblica'], ['The Man Betting $1 Billion That Pfizer Can Deliver A Vaccine By This Fall', 'Nathan Vardi, Forbes Staff, Nathan Vardi, Forbes Staffhttps://www.forbes.com/sites/nathanvardi/', 'Forbes.com'], ['Abschluss der WHO-Generalversammlung: Wohlfeile Kritik', 'Andreas Zumach', 'Taz.de'], ['How close are we to a coronavirus vaccine? Latest news on UK and US trials', 'Annelies Gartner, Lizzie Roberts, Christopher Hope', 'Telegraph.co.uk'], ['Coronavirus und die Folgen: 797 Neuinfektionen in Deutschland', 'manager magazin', 'Manager-magazin.de'], ['Applied Molecular Transport Files For U.S. IPO', 'Donovan Jones', 'Seekingalpha.com'], ['GSK ties up with gene editing start-up Mammoth for COVID-19 test', 'Manas Mishra', 'Reuters'], ['Transcript: Biden foreign policy adviser on COVID shortfalls, failures in Syria', 'CBS News', 'CBS News'], ['Anh đặt mục tiêu có 30 triệu liều vaccine nCoV', 'VnExpress', 'Vnexpress.net'], ['The feedback-loop logic of Trump’s magic medicine', 'Jon Allsop', 'Cjr.org'], ['GSK ties up with gene editing start-up Mammoth for COVID-19 test', 'Manas Mishra', 'Yahoo.com'], ['Solutions For The New FDA Mandated COVID-19 Supply Chain Requirements', 'PR Newswire', 'Yahoo.com'], ['Global HPAPI and Cytotoxic Drugs Manufacturing Market Report 2020-2030 - Details on Products, Company Size, Scale of Operation, Pharmacological Molecules, Dosage Forms, and Key Geographical Regions', 'PR Newswire', 'Yahoo.com'], ['Coronavirus | Vaccine will be for global public good, says U.S. health expert', 'AFP', 'The Hindu'], ['A corrida bilionária pela vacina contra coronavírus', 'Deutsche Welle', 'Terra.com.br']]"
05-20-2020,NVS,0.1799999999999926,"[['Tarus Therapeutics Strengthens Board of Directors with the Appointment of Preeminent Life Sciences Industry Leaders', 'ACCESSWIRE', 'Yahoo.com'], ['EULAR recommendations for the management of rheumatoid arthritis with synthetic and biological disease-modifying antirheumatic drugs: 2019 update', 'Smolen, J. S., Landewe, R. B. M., Bijlsma, J. W. J., Burmester, G. R., Dougados, M., Kerschbaumer, A., McInnes, I. B., Sepriano, A., van Vollenhoven, R. F., de Wit, M., Aletaha, D., Aringer, M., Askling, J., Balsa, A., Boers, M., den Broeder, A. A., Buch, M. H., Buttgereit, F., Caporali, R., Cardiel, M. H., De Cock, D., Codreanu, C., Cutolo, M., Edwards, C. J., van Eijk-Hustings, Y., Emery, P., Finckh, A., Gossec, L., Gottenberg, J.-E., Hetland, M. L., Huizinga, T. W. J., Koloumas, M., Li, Z., Mariette, X., Müller-Ladner, U., Mysler, E. F., da Silva, J. A. P., Poor, G., Pope, J. E., Rubbert-Roth, A., Ruyssen-Witrand, A., Saag, K. G., Strangfeld, A., Takeuchi, T., Voshaar, M., Westhovens, R., van der Heijde, D.', 'Bmj.com']]"
05-20-2020,CVX,2.260000000000005,"[['Why U.S. Shale Is Too Important To Fail', 'Simon Watkins', 'Oilprice.com'], ['Kazakhstan may have to halt Tengiz work over virus spread', 'Carl Surran', 'Seekingalpha.com'], ['JPMorgan Chase shareholders defeat call for greater climate-change disclosure at world’s largest oil funder', 'Rachel Koning Beals', 'Marketwatch.com']]"
05-20-2020,OXY,0.25,"[['VFH: Financials Offer Relative Value, Upside Potential', 'Dividend Seeker', 'Seekingalpha.com'], ['Four VLCCs heading to U.S. Gulf to store crude - Argus', 'Carl Surran', 'Seekingalpha.com'], ['VFH: Financials Offer Relative Value, Upside Potential', 'Dividend Seeker', 'Seekingalpha.com']]"
05-20-2020,FSLR,0.0799999999999983,"[['In-situ structure and catalytic mechanism of NiFe and CoFe layered double hydroxides during oxygen evolution', 'Fabio Dionigi, Zhenhua Zeng, Ilya Sinev, Thomas Merzdorf, Siddharth Deshpande, Miguel Bernal Lopez, Sebastian Kunze, Ioannis Zegkinoglou, Hannes Sarodnik, Dingxin Fan, Arno Bergmann, Jakub Drnec, Jorge Ferreira de Araujo, Manuel Gliech, Detre Teschner, Jing Zhu, Wei-Xue Li, Jeffrey Greeley, Beatriz Roldan Cuenya, Peter Strasser', 'Nature.com'], ['First-of-its-kind clean hydrogen plant planned for Los Angeles County', 'Sammy Roth', 'Yahoo.com'], ['Environmental exposure to lead and cadmium and hearing loss in Chinese adults: A case-control study', 'Da-Hui Wang, Hui Xu, Yi-Hua Zheng, Dong-Sheng Gu, Ya-Jun Zhu, Ying Ren, Shi-Chang Wang, Lei Yang, Liang-Wen Xu', 'Plos.org'], [""ACME to cancel India's cheapest solar project citing Covid-19 impact"", 'Business Standard', 'Business-standard.com'], ['Edited Transcript of STM.MI earnings conference call or presentation 22-Apr-20 7:30am GMT', 'Thomson Reuters StreetEvents', 'Yahoo.com'], ['Chamber makes another push on liability', 'By Theodoric Meyer', 'Politico'], ['Orbital Energy Group Reports First Quarter 2020 Financial Results', None, 'Prnewswire.com'], ['Here are all the winners of the 2020 Webby Awards', 'Jacob Kastrenakes', 'The Verge']]"
05-20-2020,XOM,0.7000000000000028,"[['Exxon Mobil: A Cheap Stock You Should Avoid', 'The Value Trend', 'Seekingalpha.com'], ['2020 Iso Propyl Alcohol Market Assessment - Demand Has Skyrocketed due to Unprecedented Demand for Hand Sanitzers Amid COVID-19', 'PR Newswire', 'Yahoo.com'], ['Kazakhstan may have to halt Tengiz work over virus spread', 'Carl Surran', 'Seekingalpha.com'], ['Exxon Mobil: A Cheap Stock You Should Avoid', 'The Value Trend', 'Seekingalpha.com'], ['2020 Iso Propyl Alcohol Market Assessment - Demand Has Skyrocketed due to Unprecedented Demand for Hand Sanitzers Amid COVID-19', None, 'Prnewswire.com']]"
05-20-2020,SM,0.010000000000000231,"[[""'Animal Crossing: New Horizon’s' best feature is cooperation"", 'Kris Naudus', 'Engadget'], [""Wednesday's Best Deals: Sennheiser Bluetooth Headphones, WayFair Decorative Pillows, Kingdom Hearts All-In-One Package, Anker Dual Dash Cam, and More"", 'Gabe Carey, Ignacia, Sheilah Villari, Quentyn Kennemer, and Jordan McMahon on Kinja Deals, shared by Ignacia to Gizmodo', 'Theinventory.com'], ['Intel’s new i9-10900K—fast, yes; competitive, not so much', 'Jim Salter', 'Ars Technica'], ['Coronavirus latest: at a glance', 'Paul MacInnes', 'Theguardian.comworld'], ['Plan C: An Asylum Saves Us', 'Dale Dougherty', 'Makezine.com'], ['Best dog food delivery services for 2020: Pet Plate, BarkBox, Chewy, PupJoy and more compared - CNET', 'Chowhound Staff', 'Cnet.com'], ['Recovered COVID-19 Patients Test Positive But Not Infectious, Data Finds', 'BeauHD', 'Slashdot.org'], [""'It's certainly disappointing': Michigan's top election official rebukes Trump's threat to withhold federal funding over the state expanding vote by mail"", 'Grace Panetta', 'Business Insider'], ['Nurses around the world tell us how their lives have changed during the pandemic, and how they cope on the front lines', 'Mia de Graaf', 'Business Insider'], ['How offices should look in a world with the coronavirus', 'Hilary Brueck and Shira Feder', 'Business Insider'], ['The UK is paying contact tracers $12 an hour to do nothing because of chaotic training and problems as banal as not being able to log in', 'Mia Jankowicz', 'Business Insider'], ['Will Covid-19 Have a Lasting Impact on Globalization?', 'Steven A. Altman', 'Hbr.org'], ['Watch live: Ontario premier makes COVID-19-related announcement - CTV News', 'Phil Tsekouras', 'Ctvnews.ca'], ['Watch live: Ontario premier makes COVID-19-related announcement - CTV News', 'Phil Tsekouras', 'Ctvnews.ca'], [""'Truly a nightmare' says NDP about Rosslyn resident with COVID-19 left behind during evacuation - TheSpec.com"", None, 'Thespec.com'], ['Coronavirus: survey reveals what the public wants from a contact-tracing app', 'The Conversation', 'The Next Web'], ['Should the moon be privatized? The US says yes', 'The Conversation', 'The Next Web'], ['Animal Crossing: New Horizons’ Redd is a is a worse scammer than you thought', 'Patricia Hernandez', 'Polygon'], ['The 5 Worst Netflix Original Movies Of 2020 So Far', 'Todd Van Luling', 'Huffpost.com'], ['Will online summer camp work? A virtual path worth a try during coronavirus pandemic', 'USA TODAY, Jennifer Jolly, Special for USA TODAY', 'USA Today']]"
05-20-2020,HAL,0.5300000000000011,"[['The Daily Dose: Relative Optimism', 'Daniel J Graeber', 'Seekingalpha.com'], ['Urban Outfitters Reports Slow Quarter, Predicts More Dramatic Sales Decline in Upcoming Quarter', 'support@smarteranalyst.com (Ben Mahaney)', 'Yahoo.com'], ['Clorox Bumps Up Dividend By 5%; Shares Rise In Pre-Market', 'support@smarteranalyst.com (Ben Mahaney)', 'Yahoo.com'], ['Revance Acquires HintMD In All-Stock Deal, Analyst Praises Bold Step Forward', 'support@smarteranalyst.com (Ben Mahaney)', 'Yahoo.com'], ['Halliburton Annual Meeting of Shareholders and Dividend Declaration', None, 'Businesswire.com'], ['Global Fracking Chemicals Market Outlook, 2020-2028: Impact of COVID-19 on Market Revenue - ResearchAndMarkets.com', None, 'Businesswire.com'], ['Halliburton slashed dividend by 75%, stock gains', 'Tomi Kilgore', 'Marketwatch.com'], ['Energy stocks fly as U.S. crude climbs to 10-week high', 'Carl Surran', 'Seekingalpha.com'], ['Halliburton slashes dividend by 75% in latest cost-cutting move', 'Reuters Editorial', 'Reuters'], ['Halliburton slashes dividend by 75% in latest move to save cash', 'Reuters Editorial', 'Reuters'], ['Flotek Industries: Flying Under The Radar Now, But Maybe Not For Long', 'Fluidsdoc', 'Seekingalpha.com'], ['Coronavirus update: Global case tally at 4.9 million as Trump considers travel ban on Brazil after big jump in death toll', 'Ciara Linnane', 'Marketwatch.com']]"
05-20-2020,AVB,-0.4299999999999784,"[['NYC apartment landlords feel the sting of COVID-19', 'Liz Kiesche', 'Seekingalpha.com']]"
05-20-2020,EXR,-0.4300000000000068,"[['Edited Transcript of WETF earnings conference call or presentation 1-May-20 1:00pm GMT', 'Thomson Reuters StreetEvents', 'Yahoo.com'], ['Target Corporation (TGT) CEO Brian Cornell on Q1 2020 Results - Earnings Call Transcript', 'SA Transcripts', 'Seekingalpha.com']]"
05-20-2020,MAC,-0.1899999999999995,"[[""'Animal Crossing: New Horizon’s' best feature is cooperation"", 'Kris Naudus', 'Engadget'], [""Wednesday's Best Deals: Sennheiser Bluetooth Headphones, WayFair Decorative Pillows, Kingdom Hearts All-In-One Package, Anker Dual Dash Cam, and More"", 'Gabe Carey, Ignacia, Sheilah Villari, Quentyn Kennemer, and Jordan McMahon on Kinja Deals, shared by Ignacia to Gizmodo', 'Theinventory.com'], ['Intel’s new i9-10900K—fast, yes; competitive, not so much', 'Jim Salter', 'Ars Technica'], ['Coronavirus latest: at a glance', 'Paul MacInnes', 'Theguardian.comworld'], ['Plan C: An Asylum Saves Us', 'Dale Dougherty', 'Makezine.com'], ['Best dog food delivery services for 2020: Pet Plate, BarkBox, Chewy, PupJoy and more compared - CNET', 'Chowhound Staff', 'Cnet.com'], ['Recovered COVID-19 Patients Test Positive But Not Infectious, Data Finds', 'BeauHD', 'Slashdot.org'], [""'It's certainly disappointing': Michigan's top election official rebukes Trump's threat to withhold federal funding over the state expanding vote by mail"", 'Grace Panetta', 'Business Insider'], ['Nurses around the world tell us how their lives have changed during the pandemic, and how they cope on the front lines', 'Mia de Graaf', 'Business Insider'], ['How offices should look in a world with the coronavirus', 'Hilary Brueck and Shira Feder', 'Business Insider'], ['The UK is paying contact tracers $12 an hour to do nothing because of chaotic training and problems as banal as not being able to log in', 'Mia Jankowicz', 'Business Insider'], ['Will Covid-19 Have a Lasting Impact on Globalization?', 'Steven A. Altman', 'Hbr.org'], ['Watch live: Ontario premier makes COVID-19-related announcement - CTV News', 'Phil Tsekouras', 'Ctvnews.ca'], ['Watch live: Ontario premier makes COVID-19-related announcement - CTV News', 'Phil Tsekouras', 'Ctvnews.ca'], [""'Truly a nightmare' says NDP about Rosslyn resident with COVID-19 left behind during evacuation - TheSpec.com"", None, 'Thespec.com'], ['Coronavirus: survey reveals what the public wants from a contact-tracing app', 'The Conversation', 'The Next Web'], ['Should the moon be privatized? The US says yes', 'The Conversation', 'The Next Web'], ['Animal Crossing: New Horizons’ Redd is a is a worse scammer than you thought', 'Patricia Hernandez', 'Polygon'], ['The 5 Worst Netflix Original Movies Of 2020 So Far', 'Todd Van Luling', 'Huffpost.com'], ['Will online summer camp work? A virtual path worth a try during coronavirus pandemic', 'USA TODAY, Jennifer Jolly, Special for USA TODAY', 'USA Today']]"
05-20-2020,AAPL,1.5499999999999545,"[['Embrace, Extend, and Extinguish', 'Contributors to Wikimedia projects', 'Wikipedia.org'], ['Apple plans big upgrade to new $1B Austin campus with 192-room hotel', 'Michael Potuck', '9to5mac.com'], ['Apple subsidiary Claris debuts FileMaker 19 with third-party libraries and more', 'Chance Miller', '9to5mac.com'], ['Digging A Bit Deeper Into Alex Rowland Of NewTropic', 'Warren Bobrow, Contributor, Warren Bobrow, Contributorhttps://www.forbes.com/sites/warrenbobrow/', 'Forbes.com'], ['Claris launches the last-ever annual FileMaker Pro release', 'news@appleinsider.com (William Gallagher)', 'Appleinsider.com'], ['Apple、アメリカで直営店25店舗以上を再オープンへ', '塚本直樹', 'Gizmodo.jp'], ['AppleとGoogle、新型コロナ「曝露通知」のAPI公開\u3000日本を含む22カ国がアクセス済み', None, 'Itmedia.co.jp'], ['Facebook to limit offices to 25pc capacity, require masks at work', 'Bloomberg', 'Indianexpress.com'], ['Futures jump as investors hold out for recovery', 'Medha Singh', 'Reuters'], ['Senate Democrats call for Trump administration to unveil details of TSMC plant deal', 'Reuters Editorial', 'Reuters'], ['HBO Max announces more launch partners; no deals yet with Amazon, Comcast, Roku', 'Helen Coster', 'Reuters'], ['Citizen App’s New Contact Tracing Feature Raises Privacy Red Flags', 'Benjamin Powers', 'Coindesk.com'], ['HBO Max announces more launch partners; no deals yet with Amazon, Comcast, Roku', 'Helen Coster', 'Yahoo.com'], ['Factbox: Where do Trump and Biden stand on tech policy issues? - Reuters.com', 'Elizabeth Culliford', 'Reuters'], ['5 Tech Stocks to Mend a Coronavirus-Clobbered Portfolio - Yahoo Finance', 'Aniruddha Ganguly', 'Yahoo.com'], ['Is American Big Tech using China to increase its influence in Washington? - TRT World', 'TRTWorld', 'Trtworld.com'], ['Tech Moves: Qualtrics exec moves to Google; NHL Seattle expands team; former Amazon exec named Bluecrew CEO; and more - GeekWire', 'Cara Kuhlman', 'Geekwire.com'], ['The US Senate’s Chance Of Flipping & Joe Biden’s Potential VP — CleanTech Talk', 'Winter Wilson', 'Cleantechnica.com'], ['A printer deal worth noting, a note on raw conversion, some speculation on the industry and some notes on lenses, especially slow ones.', 'Dan Wells', 'Luminous-landscape.com'], ['Apple-Google contact tracing tech launches, with 23 countries seeking access', 'Paresh Dave', 'Reuters']]"
05-20-2020,MSFT,0.7800000000000011,"[['60% of Insider Threats Involve Employees Planning to Leave', 'Kelly Sheridan Staff Editor, Dark Reading', 'Darkreading.com'], ['Takeaways From Earnings Calls Last Week: Be Cautiously Optimistic', 'Erick Mokaya', 'Seekingalpha.com'], ['「Microsoft Edge Insider」v84.0.516.1 dev公開\u3000ほか【ダイジェストニュース】', None, 'Impress.co.jp'], ['Tech Moves: Qualtrics exec moves to Google; NHL Seattle expands team; former Amazon exec named Bluecrew CEO; and more - GeekWire', 'Cara Kuhlman', 'Geekwire.com'], ['5 AI Stocks to Put on Your Watch List Amid Coronavirus Pandemic', 'Tirthankar Chakraborty', 'Yahoo.com'], ['New Kahoot! Integration With Microsoft Teams Brings Engagement To Distance Learning And Video Conferencing', 'PR Newswire', 'Yahoo.com'], ['Antivirus Software Market to Witness Extensive Growth Owing to Rising Cybercrime & Technological Advancements Across The Globe Till 2023 | Radiant Insights, Inc.', 'PR Newswire', 'Yahoo.com'], ['Hyper-Converged Infrastructure Market to Reach $33.16 Bn, Globally, by 2026 at 30.7% CAGR: Allied Market Research', 'PR Newswire', 'Yahoo.com'], ['Absolute Powers K-12 Distance Learning Programs with the Launch of Web Usage', None, 'Businesswire.com'], ['Mavenir Elected to OpenRAN Policy Coalition Board', None, 'Businesswire.com'], ['FedEx Coronavirus Grants: $1 Million to Small Businesses', 'adam@thepennyhoarder.com (Adam Hardy)', 'Thepennyhoarder.com'], ['Internet of Things (IoT) Networks Market Future Trends, Revenue Growth, Profitability & Leading Players – Intel Corporation, SAP SE, Cisco Systems, Inc., Microsoft Corporation, Oracle Corporation - News Distinct', None, 'Newsdistinct.com'], ['Internet Of Things Artificial Intelligence (IoT AI) Market to Witness Astonishing Growth With Qualcomm, Intel Corporation, ABB Robotic, Microsoft, Augury Systems, and Bosch Group - News Distinct', None, 'Newsdistinct.com'], ['Covid-19 Update Sensors in Internet of Things Market Business Opportunities and Global Industry Analysis by 2026 – Top Companies ARM Holdings, Acuity Brands Inc, Bosch Sensortec, Ericsson, Google Inc., HTC Corporation, Honeywell International Inc, IBM - Cole of Duty', None, 'Coleofduty.com'], ['IoT (Internet of Things) for Public Safety Market Emerging Trends, Share and Forecast with Top Vendors | ENDEAVOUR TECHNOLOGY, X-Systems, West Corporation, Carbyne, Star Controls, Inc., and More - 3rd Watch News', None, '3wnews.org'], ['Internet of Things (IOT) Healthcare Market – Impact Of Covid-19 And On Internet of Things (IOT) Healthcare Accessories And How Sudden Strategy Change By Keyholders | Medtronic Plc, Royal Philips, Cisco Systems Inc., IBM Corporation, GE Healthcare. - News Distinct', None, 'Newsdistinct.com'], ['Global Automotive Internet of Things Market (2020-2026) | Latest COVID19 Impact Analysis | Know About Brand Players: Apple, Inc, AT&T Inc, Audi AG, Cisco Systems, etc. - Jewish Life News', None, 'Jewishlifenews.com'], ['Internet of Things Vehicle to Vehicle Communication Market Drivers, Dynamics and Industry Challenges Analysis by 2025 | Players: Texas Instruments, Vodafone Group, Intel Corporation, Apple Inc., TomTom NV - Newark Now', 'Noah', 'Newarknow.org'], ['Internet of Things (IoT) In Healthcare Industry 2020-2025 |Analysis By Market Gross margin, Economic Growth, Size, and Applications - Cole of Duty', None, 'Coleofduty.com'], ['IoT Operating Systems Market: Analysis Share Size and Growth Demand by 2017-2025 - 3rd Watch News', None, '3wnews.org']]"
05-20-2020,FB,5.530000000000001,"[['San Francisco area roads busier, still far below normal as stay home orders remain', 'Ann Saphir', 'Reuters'], ['Dark Patterns: Past, Present, and Future', None, 'Acm.org'], ['Apple plans big upgrade to new $1B Austin campus with 192-room hotel', 'Michael Potuck', '9to5mac.com'], [""Facebook presenta sus tiendas 'online': serán gratuitas y permitirán vender en Facebook, Instagram y WhatsApp"", 'Toni Castillo', 'Genbeta.com'], ['BIG TECH GETS BIGGER: FACEBOOK STOCK HITS ALL-TIME HIGH...', 'Jeran Wittenstein', 'Yahoo.com'], ['Facebook to launch new shopping feature across apps', 'Reuters', 'Indianexpress.com'], ['Facebook to limit offices to 25pc capacity, require masks at work', 'Bloomberg', 'Indianexpress.com'], ['Facebook’s Zuckerberg recommits to commerce with ‘Shops’', 'Bloomberg', 'Indianexpress.com'], ['東京大學研發充氣摺疊電動自行車Poimo，不用時直接可以放進背包', '大數據文摘', 'Techbang.com'], ['TAMTAM本日、AL『We Are the Sun!』を配信リリース', 'OTOTOY', 'Ototoy.jp'], ['Facebook、オンラインショップ簡単構築サービス「Shop」で新型コロナで困窮の小売りを支援', None, 'Itmedia.co.jp'], ['Futures jump as investors hold out for recovery', 'Medha Singh', 'Reuters'], ['首都圏・飲食店経営者の6割超「このままの状態が続けば事業継続困難」\u3000政府の家賃支援策を待つも、すでに閉店した店舗多数', None, 'Itmedia.co.jp'], ['Top 12 Trends Shaping Mobile Application Development in 2020', 'Mitul Makadia', 'Business2community.com'], ['Factbox: Where do Trump and Biden stand on tech policy issues? - Reuters.com', 'Elizabeth Culliford', 'Reuters'], ['Is American Big Tech using China to increase its influence in Washington? - TRT World', 'TRTWorld', 'Trtworld.com'], ['New Leopold Addition: DeltaPoint Pro Night Vision Ready', 'Pete', 'Thefirearmblog.com'], ['ZOOM VIDEO DEADLINE ALERT: Faruqi & Faruqi, LLP Encourages Investors Who Suffered Losses Exceeding $50,000 In Zoom Video Communications, Inc. To Contact The Firm', 'PR Newswire', 'Yahoo.com'], ['Mary Washington Healthcare to Modernize Point of Use and Replenishment Processes with SaaS Supply Chain Technology from Tecsys', 'PR Newswire', 'Yahoo.com'], ['SS&C Adds Managed Accounts Provider Stadion Money Management to its Retirement Solutions Ecosystem', 'PR Newswire', 'Yahoo.com']]"
05-20-2020,ATVI,0.1699999999999875,"[[""Tracking George Soros's Portfolio - Q1 2020 Update"", 'John Vincent', 'Seekingalpha.com'], ['Amazon makes its move into big-budget gaming', 'Jason Aycock', 'Seekingalpha.com'], ['Andretti and Alonso confirmed for Legends Trophy esports battle at Indianapolis Motor Speedway', None, 'Prnewswire.com']]"
,tiker,slope,news
06-01-2020,PFE,-0.09000000000000341,"[['Intel Outpaces Facebook And Netflix As Top Stock To Buy', 'Q.ai - Investing Reimagined, Contributor, Q.ai - Investing Reimagined, Contributorhttps://www.forbes.com/sites/qai/', 'Forbes'], ['Pfizer declines about 8% after setback to breast cancer treatment', 'Reuters Editorial', 'Reuters'], ['Stock futures steady amid U.S. protests, simmering China tensions', 'Devik Jain', 'Reuters'], ['Scarsdale firm helps small businesses emerge from the COVID-19 crisis - Lohud', 'Swapna Venugopal Ramaswamy', 'The Journal News | LoHud.com'], ['Pfizer declines about 8% after setback to breast cancer treatment', 'Reuters', 'Yahoo Entertainment'], ['Cancer Summit Presses Toward Treatments in Covid’s Shadow', 'Timothy Annett and Michelle Fay Cortez', 'Yahoo Entertainment'], ['Pfizer declines about 8% after setback to breast cancer treatment', 'Reuters', 'Yahoo Entertainment'], ['Pfizer Loses 6% On Disappointing Ibrance Breast Cancer Outcome', 'support@smarteranalyst.com (Ben Mahaney)', 'Yahoo Entertainment'], ['Stock futures steady amid U.S. protests, simmering China tensions', 'Devik Jain', 'Yahoo Entertainment'], ['Protalix BioTherapeutics Reports First Quarter 2020 Financial Results and Business Update', 'PR Newswire', 'Yahoo Entertainment'], ['U.S. Retail Giants From Apple To Amazon Curtail Business Due To Nationwide Riots', 'support@smarteranalyst.com (Ben Mahaney)', 'Yahoo Entertainment'], ['U.S. stocks gain as signs of recovery offset protests, economic worries', 'Reuters', 'Firstpost'], ['Wall Street gains as recovery hopes overshadow U.S. protests', 'Reuters', 'Firstpost'], ['Unsicherheit durch Unruhen: Dow Jones quält sich zu kleinem Plus', 'n-tv NACHRICHTEN', 'N-tv.de'], ['Immutep Surges In Pre-Market On Positive Efti Cancer Data', 'support@smarteranalyst.com (Ben Mahaney)', 'Yahoo Entertainment'], ['Wall Street closes higher as recovery signs soothe protest, pandemic worries', 'CNA', 'CNA'], ['Pfizer declines about 8per cent after setback to breast cancer treatment', 'CNA', 'CNA'], ['Stock futures steady amid US protests, simmering China tensions', 'CNA', 'CNA'], ['Wall St. flat as recovery hopes offset US protests, China tensions', 'CNA', 'CNA'], ['¿Cómo va la carrera para encontrar una vacuna contra el coronavirus?', 'SAMUEL A. PILAR', 'Rtve.es']]"
06-01-2020,INO,0.07000000000000028,"[['¿Cómo va la carrera para encontrar una vacuna contra el coronavirus?', 'SAMUEL A. PILAR', 'Rtve.es']]"
06-01-2020,SNY,0.020000000000003126,"[['The race for coronavirus treatments and vaccines is heating up. Here are the 12 most important events to watch for in June, from fresh vaccine data to new antibody drug trials.', 'Andrew Dunn', 'Business Insider'], [""Une «exception sanitaire» devrait s'inspirer de l'exception culturelle, mais en mieux"", 'Jean-Michel Frodon', 'Slate.fr'], ['Question & Answer zu Corona-Impfstoff: Warum dauert das so lang?', 'Heike Haarhoff', 'taz.de'], ['U.S. awards new $628 million contract to boost output of potential COVID-19 vaccine', 'Reuters Editorial', 'Reuters'], ['U.S. awards new $628 million contract to boost output of potential COVID-19 vaccine', 'Reuters', 'Yahoo Entertainment'], ['SwanBio Therapeutics Appoints Steven Zelenkofske, DO, as Chief Medical Officer', 'PR Newswire', 'Yahoo Entertainment'], ['People who turned to Upwork to find freelance gigs say they were hit by scams', 'April Glaser', 'Yahoo Entertainment'], ['2 “Strong Buy” Healthcare Stocks That Offer Massive Potential Gains', 'Alex Smith', 'Yahoo Entertainment'], ['Regeneron and Intellia Therapeutics Expand Collaboration to Develop CRISPR/Cas9-Based Treatments', 'PR Newswire', 'Yahoo Entertainment'], ['Biocon share price up 2% on favourable ruling from US PTAB', None, 'Moneycontrol'], ['AbbVie pens cancer pact with U.S.-China biotech Jacobio', 'Ben Adams', 'FierceBiotech'], ['Brent Ragans Named President of Ferring US', None, 'Business Wire'], ['ImmunoGen Appoints Stacy Coen as Senior Vice President and Chief Business Officer', None, 'Business Wire'], ['Ligand CEO Issues Letter to Captisol Customers', None, 'Business Wire'], ['Les valeurs à suivre à Paris et en Europe', 'Reuters', 'Challenges'], ['La Bourse de Paris reste positive à mi-séance (+1,37%)', 'AFP', 'Challenges'], [""Will coronavirus help 'greedy' pharma reset reputation?"", 'Deutsche Welle (www.dw.com)', 'DW (English)'], ['US awards new US$628 million contract to boost output of potential COVID-19 vaccine', 'CNA', 'CNA'], ['Regeneron to expand development deal with Intellia Therapeutics', 'Jaimy Lee', 'MarketWatch'], ['Coronavirus vaccine: anti-vax movement threatens Asian recovery', 'John Power, John Power', 'Post Magazine']]"
06-01-2020,NVS,-0.7000000000000028,"[['BRAF-Mutant Transcriptional Subtypes Predict Outcome of Combined BRAF, MEK, and EGFR Blockade with Dabrafenib, Trametinib, and Panitumumab in Patients with Colorectal Cancer', ""Middleton, G., Yang, Y., Campbell, C. D., Andre, T., Atreya, C. E., Schellens, J. H. M., Yoshino, T., Bendell, J. C., Hollebecque, A., McRee, A. J., Siena, S., Gordon, M. S., Tabernero, J., Yaeger, R., O'Dwyer, P. J., De Vos, F., Van Cutsem, E., Millholland, J. M., Brase, J. C., Rangwala, F., Gasal, E., Corcoran, R. B."", 'Aacrjournals.org'], ['Pathogen Detection and Vaccine Candidates Contribute in Fight Against Ongoing Pandemic', None, 'PRNewswire']]"
06-01-2020,CVX,1.9200000000000017,[]
06-01-2020,OXY,0.9000000000000004,"[['Hedge Funds Have Never Been This Bullish On Burlington Stores Inc (BURL)', 'Asma UL Husna', 'Yahoo Entertainment'], ['The Hidden Dangers Of Passive Investing', 'David Trainer, Contributor, David Trainer, Contributorhttps://www.forbes.com/sites/greatspeculations/people/davidtrainer/', 'Forbes']]"
06-01-2020,FSLR,1.5700000000000003,"[['CIT Leads $225 Million Letter of Credit Facility for 8minute Solar Energy to Support Its Renewable Energy Development Projects', 'PR Newswire', 'Yahoo Entertainment'], [""What's New to Stream in June on Netflix, Hulu, Disney+, HBO Max, ESPN+, and IMDb TV"", 'Amanda Bell', 'TV Guide'], ['Tigo Sues APsystems for Rapid Shutdown Intellectual Property Infringement', None, 'Business Wire'], ['8minute Solar Energy Secures $225 Million Letter of Credit Facility to Support the Greenfield Development of its 18-Gigawatt Pipeline of Solar and Energy Storage Projects', None, 'Business Wire'], ['Edited Transcript of SPWR earnings conference call or presentation 7-May-20 8:30pm GMT', 'Thomson Reuters StreetEvents', 'Yahoo Entertainment'], ['EOG Resources, Inc. (EOG) CEO Bill Thomas Presents at AllianceBernstein Strategic Decisions Conference (Transcript)', 'SA Transcripts', 'Seeking Alpha'], ['TV Guide - June Edition', 'Taltos1', 'Kinja.com'], ['CIT Leads $225 Million Letter of Credit Facility for 8minute Solar Energy to Support Its Renewable Energy Development Projects', None, 'PRNewswire']]"
06-01-2020,XOM,0.990000000000002,"[['Is Schwab Fundamental U.S. Broad Market Index ETF (FNDB) a Strong ETF Right Now?', 'Sweta Killa', 'Yahoo Entertainment'], ['Steve Greenlee to Retire as President of ExxonMobil Upstream Business Development Company; Linda DuCharme Elected as Corporate Vice President and Appointed President of Upstream Business Development Company', None, 'Business Wire']]"
06-01-2020,SM,0.6271999999999998,"[['Would Your Dog Rescue You? Scientists Made a Test to Find Out', 'George Dvorsky', 'Gizmodo.com'], [""Hey, Media Companies: What's Next?"", 'Beth Elderkin on io9, shared by Kaitlyn Jakola to Gizmodo', 'Gizmodo.com'], ['As rage sweeps nation, DOJ has all but abandoned broad police investigations', 'Casey Tolan and Ashley Fantz, CNN', 'CNN'], ['Which home cocktail maker to get, the Bartesian or Drinkworks Drinkmaker?', 'Christine Persaud', 'Android Central'], ['Covid-19 has given us the chance to build a low-carbon future | Christiana Figueres', 'Christiana Figueres', 'Theguardian.comcommentisfree'], ['The US military says Russian fighter jets in Libya are part of a bigger and more worrying plan for the region', 'Associated Press', 'Business Insider'], ['Joe Biden visited a Black Lives Matter protest site in Delaware as Trump rages on Twitter against demonstrators', 'Eliza Relman', 'Business Insider'], ['Why are the protests so much more intense?', 'Henry Blodget and David Plotz', 'Business Insider'], ['5 Ways to Beat Zoom Fatigue', 'Entrepreneur NEXT', 'Entrepreneur'], ['U.S. Businesses Must Take Meaningful Action Against Racism', 'Laura Morgan Roberts, Ella F. Washington', 'Harvard Business Review'], ['York Region COVID-19 long-term care death toll continues to climb - NewmarketToday.ca', 'Debora Kelly', 'NewmarketToday.ca'], ['Days after court decision against Meng Wanzhou, China shows no sign of angry retaliation - The Globe and Mail', None, 'The Globe And Mail'], ['Wuhan records no new asymptomatic coronavirus cases for the first time', 'Marcus Parekh', 'Yahoo Entertainment'], ['Louisville police and soldiers return fire, killing man', 'Associated Press', 'Yahoo Entertainment'], ['Defying Trump’s Landmark Peace Deal, Taliban Continues to Back Al-Qaeda in Afghanistan, UN Report Says', 'Kimberly Dozier', 'Time'], ['40 LGBTQ Directors On The First Queer Movie They Fell In Love With', 'Matthew Jacobs', 'HuffPost'], ['“White Noise,” by Emma Cline', 'Emma Cline', 'The New Yorker'], ['How Iceland Beat the Coronavirus', 'Elizabeth Kolbert', 'The New Yorker'], ['First Amendment Rights—If You Agree With the President', 'Nora Benavidez', 'The Atlantic'], ['As Qualified Immunity Takes Center Stage, More Delay from SCOTUS', 'View all posts by Jay Schweikert', 'Unlawfulshield.com']]"
06-01-2020,HAL,0.28999999999999915,"[['6 Energy Stocks Boosting Earnings', 'GuruFocus.com', 'Yahoo Entertainment']]"
06-01-2020,AVB,4.199999999999989,"[['AvalonBay Communities Provides May Collection Details and Second Quarter Operating Update', None, 'Business Wire']]"
06-01-2020,EXR,2.1099999999999994,"[['8 Products on Deep Discount in June', 'Samantha B. Gordon', 'Yahoo Entertainment'], ['13 ways Microsoft Azure beats AWS', 'Peter Wayner, Peter Wayner', 'InfoWorld']]"
06-01-2020,MAC,0.27000000000000046,"[['Would Your Dog Rescue You? Scientists Made a Test to Find Out', 'George Dvorsky', 'Gizmodo.com'], [""Hey, Media Companies: What's Next?"", 'Beth Elderkin on io9, shared by Kaitlyn Jakola to Gizmodo', 'Gizmodo.com'], ['As rage sweeps nation, DOJ has all but abandoned broad police investigations', 'Casey Tolan and Ashley Fantz, CNN', 'CNN'], ['Which home cocktail maker to get, the Bartesian or Drinkworks Drinkmaker?', 'Christine Persaud', 'Android Central'], ['Covid-19 has given us the chance to build a low-carbon future | Christiana Figueres', 'Christiana Figueres', 'Theguardian.comcommentisfree'], ['The US military says Russian fighter jets in Libya are part of a bigger and more worrying plan for the region', 'Associated Press', 'Business Insider'], ['Joe Biden visited a Black Lives Matter protest site in Delaware as Trump rages on Twitter against demonstrators', 'Eliza Relman', 'Business Insider'], ['Why are the protests so much more intense?', 'Henry Blodget and David Plotz', 'Business Insider'], ['5 Ways to Beat Zoom Fatigue', 'Entrepreneur NEXT', 'Entrepreneur'], ['U.S. Businesses Must Take Meaningful Action Against Racism', 'Laura Morgan Roberts, Ella F. Washington', 'Harvard Business Review'], ['York Region COVID-19 long-term care death toll continues to climb - NewmarketToday.ca', 'Debora Kelly', 'NewmarketToday.ca'], ['Days after court decision against Meng Wanzhou, China shows no sign of angry retaliation - The Globe and Mail', None, 'The Globe And Mail'], ['Wuhan records no new asymptomatic coronavirus cases for the first time', 'Marcus Parekh', 'Yahoo Entertainment'], ['Louisville police and soldiers return fire, killing man', 'Associated Press', 'Yahoo Entertainment'], ['Defying Trump’s Landmark Peace Deal, Taliban Continues to Back Al-Qaeda in Afghanistan, UN Report Says', 'Kimberly Dozier', 'Time'], ['40 LGBTQ Directors On The First Queer Movie They Fell In Love With', 'Matthew Jacobs', 'HuffPost'], ['“White Noise,” by Emma Cline', 'Emma Cline', 'The New Yorker'], ['How Iceland Beat the Coronavirus', 'Elizabeth Kolbert', 'The New Yorker'], ['First Amendment Rights—If You Agree With the President', 'Nora Benavidez', 'The Atlantic'], ['As Qualified Immunity Takes Center Stage, More Delay from SCOTUS', 'View all posts by Jay Schweikert', 'Unlawfulshield.com']]"
06-01-2020,AAPL,4.009999999999991,"[['Our favorite LGBTQ+ inclusive games and why we support them', 'Carli Velocci', 'Android Central'], ['Green Dot is collaborating with a tech company on a bank account for immigrants', 'Gregory Magana', 'Business Insider'], ['Companies need to add contactless-entry tech to safely reopen offices. Here are 7 firms ranging from startups to huge conglomerates that are set for a surge in business.', 'Alex Nicoll', 'Business Insider'], ['¿Qué sistema operativo usaron en Jurassic Park?', 'José María López', 'Hipertextual'], ['Reconstructing a lost NES game from 30-year-old source code disks', None, 'Gamehistory.org'], ['Coronavirus update: Global case tally tops 6 million as weekend protests spark concerns they will lead to an increase in infections', 'Ciara Linnane', 'MarketWatch'], ['Outside the Box: A semiconductor ‘cold war’ is heating up between the U.S. and China', 'Brad Slingerlend', 'MarketWatch'], ['Market Snapshot: Stock-market futures knocked around as U.S. cities rocked by protests amid pandemic', 'Mark DeCambre', 'MarketWatch'], ['Apple Store残り8店舗も3日オープン。どうしても行くなら予約を！', 'amito', 'Gizmodo.jp'], ['Hollywood Submits COVID-19 Reopening Plan From Studios, Unions & Producers To NY & CA Governors', 'Dominic Patten', 'Deadline'], ['Future Apple Watch To Sport Brilliant New Display, But Not This Year, It’s Claimed', 'David Phelan, Senior Contributor, David Phelan, Senior Contributorhttps://www.forbes.com/sites/davidphelan/', 'Forbes'], ['Intel’s Amps Up Its 2030 CSR Goals Amongst COVID-19 Crisis', 'Patrick Moorhead, Contributor, Patrick Moorhead, Contributorhttps://www.forbes.com/sites/patrickmoorhead/', 'Forbes'], [""Apple vuole migliorare Siri e acquisisce un'altra startup di AI"", 'HDblog.it', 'Hdblog.it'], ['Retailers and restaurants hit in protests, adding to coronavirus damage - Fox Business', 'The Wall Street Journal', 'Fox Business'], ['JD.Com: More Than Meets The Eye', 'ALT Perspective', 'Seeking Alpha'], ['The Monetary Death Spiral Is Accelerating', 'Cashflow Capitalist', 'Seeking Alpha'], ['Amazon, Apple, Walmart, Other Retailers Shutter Stores, Scale Back Operations In Areas Worst Hit With Protests', 'Neer Varshney', 'Yahoo Entertainment'], ['Factbox: Where do Trump and Biden stand on tech policy issues? - WTVB News', 'Thomson Reuters', 'WTVB News'], ['Daily Tech Briefing: India’s ‘Unlock 1.0’ Plan Brings Cheer For OYO, WeTransfer Ban & More - Inc42 Media', 'Bhumika Khatri', 'Inc42 Media'], ['El Apple Watch Series 6 tendrá la misma pantalla, y probablemente el mismo diseño, que el Series 5', 'Sergio J. Ortiz', 'Ipadizate.es']]"
06-01-2020,MSFT,0.2300000000000182,"[['Photographer Sues Microsoft for Millions Over Copyright Infringement', 'DL Cade', 'PetaPixel'], ['On CRM: Should You Get A ""Free"" CRM?', 'Gene Marks, Contributor, Gene Marks, Contributorhttps://www.forbes.com/sites/quickerbettertech/', 'Forbes'], ['MicrosoftがAI編集者を“雇用”、MSNニュースの編集スタッフ数十人は契約終了へ【やじうまWatch】', None, 'Impress.co.jp'], [""Tracking Larry Robbins' Glenview Capital Management Portfolio - Q1 2020 Update"", 'John Vincent', 'Seeking Alpha'], ['Here’s The #1 Stock Among Hedge Funds', 'Abigail Fisher', 'Yahoo Entertainment'], [""MongoDB (MDB) to Report Q1 Earnings: What's in the Offing?"", 'Zacks Equity Research', 'Yahoo Entertainment'], ['Is Schwab Fundamental U.S. Broad Market Index ETF (FNDB) a Strong ETF Right Now?', 'Sweta Killa', 'Yahoo Entertainment'], ['Gamification Market to Reach USD 37.00 Billion by 2027; Inclination towards Gamification Solutions for Promotional Purposes Will Facilitate Business, States Fortune Business Insights™', 'PR Newswire', 'Yahoo Entertainment'], ['Should John Hancock Multifactor Large Cap ETF (JHML) Be on Your Investing Radar?', 'Sweta Killa', 'Yahoo Entertainment'], ['NetEase Launches Hong Kong Initial Public Offering', 'PR Newswire', 'Yahoo Entertainment'], ['Sarcos Robotics Bolsters Leadership Team with Defense and Commercial Industry Veterans', None, 'Business Wire'], ['Worldwide Open Compute Project (Compute and Storage) Infrastructure Market Revenue Forecast to Grow at a 16.6% CAGR through 2024, According to IDC', None, 'Business Wire'], ['CSC Bhim app data breach exposed payment, personal details of over 7 million Indians - Deccan Herald', 'Rohit KVN', 'Deccan Herald'], ['The Hidden Dangers Of Passive Investing', 'David Trainer, Contributor, David Trainer, Contributorhttps://www.forbes.com/sites/greatspeculations/people/davidtrainer/', 'Forbes'], ['学習活動端末支援Webシステム「SKYMENU Cloud」を発売しました', None, 'Prtimes.jp'], ['タブレット端末を活用した学習活動をサポートする学習活動ソフトウェア「SKYMENU Class 2020」を発売しました', None, 'Prtimes.jp'], ['IoT in Manufacturing Market to Hit USD 136.83 Billion by 2026; Digital Transformation of Business Operations to Fuel the Market: Fortune Business Insights™ - GlobeNewswire', 'Fortune Business Insights', 'GlobeNewswire'], ['Impact of COVID-19 Outbreak on Internet of Things in Banking Market Size, Share, Growth with Technological Advancement, and Industry Key Players Master Card, Infosys Limited, IBM Corporation, Microsoft Corporation | Forecast 2020-2025 - News Distinct', None, 'Newsdistinct.com'], ['Internet of Things (IoT) Software Market Growth, Opportunities, Cost Structure Analysis & Forecast Upto 2027 - News Distinct', None, 'Newsdistinct.com'], ['Global Internet of Things Insurance Market 2020 by Manufacturers, Countries, Type and Application, Forecast to 2026 - Surfacing Magazine', 'david', 'Surfacing Magazine']]"
06-01-2020,FB,7.460000000000008,"[['Journalists covering America’s protests face violence from police, protesters - Globalnews.ca', 'David Lao', 'Global News'], ['Outside the Box: A semiconductor ‘cold war’ is heating up between the U.S. and China', 'Brad Slingerlend', 'MarketWatch'], ['Intel Outpaces Facebook And Netflix As Top Stock To Buy', 'Q.ai - Investing Reimagined, Contributor, Q.ai - Investing Reimagined, Contributorhttps://www.forbes.com/sites/qai/', 'Forbes'], ['FacebookのザッカーバーグCEO、トランプ氏の問題投稿を非表示にしない理由を説明', None, 'Itmedia.co.jp'], ['Zynga to buy Turkish mobile-game maker Peak for $1.8 billion: Bloomberg News', 'Reuters Editorial', 'Reuters'], [""INSIGHT: The 'New Normal' in Labor Relations as Businesses Reopen - Bloomberg Law"", None, 'Bloomberglaw.com'], [""Tracking Larry Robbins' Glenview Capital Management Portfolio - Q1 2020 Update"", 'John Vincent', 'Seeking Alpha'], ['The Five-Year Detention Of Yemeni Journalists Tops June Ranking Of One Free Press Coalition’s “10 Most Urgent” Press Freedom Cases', 'Forbes Press Releases, Forbes Staff, Forbes Press Releases, Forbes Staffhttps://www.forbes.com/sites/forbespr/', 'Forbes'], ['Factbox: Where do Trump and Biden stand on tech policy issues? - WTVB News', 'Thomson Reuters', 'WTVB News'], [""The push to help women launch new careers in tech - Women's Agenda"", None, 'Womensagenda.com.au'], ['Is Alphabet Inc (GOOG) Going to Burn These Hedge Funds?', 'Asma UL Husna', 'Yahoo Entertainment'], ['PTC Therapeutics Successfully Completes Acquisition of Censa Pharmaceuticals', 'PR Newswire', 'Yahoo Entertainment'], ['Here’s The #1 Stock Among Hedge Funds', 'Abigail Fisher', 'Yahoo Entertainment'], ['Healthcare Trust of America, Inc. Provides Update On Q2 2020 Performance To Date', 'PR Newswire', 'Yahoo Entertainment'], ['Yum China to Introduce the Revolutionary Beyond Burger® at Select KFC, Pizza Hut and Taco Bell Restaurants', 'PR Newswire', 'Yahoo Entertainment'], ['One-year Follow-up Study Results Find Cryopreserved Umbilical Cord Allograft for Treatment of Wagner Grade 3-4 Diabetic Foot Ulcers to be Safe with Higher than Expected Rates of Healing', 'PR Newswire', 'Yahoo Entertainment'], [""Groupware Technology Named to CRN's 2020 Solution Provider 500 List"", 'PR Newswire', 'Yahoo Entertainment'], ['Supermicro CEO Computex Keynote - 5G Infrastructure Innovation', 'PR Newswire', 'Yahoo Entertainment'], [""Veristor Named to CRN's 2020 Solution Provider 500 List"", 'PR Newswire', 'Yahoo Entertainment'], ['Saudi Reserves Fall Again After Transfer to Sovereign Fund', 'Abeer Abu Omar and Vivian Nereim', 'Yahoo Entertainment']]"
06-01-2020,ATVI,0.8299999999999983,[]
